<?xml version="1.0" encoding="UTF-8"?>
<DEFECTS>
  <DEFECT>
    <SFA>
      <FILEPATH>d:\vs_source\repos\flappybird2.0\flappybird2.0</FILEPATH>
      <FILENAME>beginend.cpp</FILENAME>
      <LINE>147</LINE>
      <COLUMN>9</COLUMN>
    </SFA>
    <DEFECTCODE>6031</DEFECTCODE>
    <DESCRIPTION>返回值被忽略: “_getch”。</DESCRIPTION>
    <FUNCTION>gameBegin</FUNCTION>
    <DECORATED>?gameBegin@@YAXXZ</DECORATED>
    <FUNCLINE>111</FUNCLINE>
    <PATH></PATH>
  </DEFECT>
</DEFECTS>